{"Lora.png": [-1.0594080686569214, -0.854712188243866, 0.8396884202957153, -0.08251170814037323, 0.629182755947113, 0.829440176486969, 0.8729642629623413, 0.5224022269248962, 0.6697380542755127, 0.6524056792259216, 0.7472178936004639, -0.9295669198036194, 0.6330984234809875, -0.9032758474349976, -0.5950594544410706, -0.217279314994812, 0.7905291318893433, 0.8653939962387085, -0.5702108144760132, 0.9084458947181702, -0.7444676160812378, 0.6954843997955322, 0.7234476804733276, 0.7526782751083374, -0.5252473950386047, 0.502385139465332, -0.3976834714412689, -0.5591659545898438, -0.7034704685211182, -1.0154521465301514, 0.768452525138855, -0.8051468133926392], "OpenSans.png": [-1.0314198732376099, -0.8355963826179504, 0.8193439245223999, -0.07258769869804382, 0.6095868349075317, 0.8080307841300964, 0.8513076305389404, 0.5113025307655334, 0.6518707871437073, 0.6406838893890381, 0.728855311870575, -0.9043610095977783, 0.6186311841011047, -0.8806196451187134, -0.5786587595939636, -0.2066672444343567, 0.7715195417404175, 0.8443130254745483, -0.5544923543930054, 0.8826102018356323, -0.7241880297660828, 0.6732060313224792, 0.7077248096466064, 0.7335081100463867, -0.5131613612174988, 0.491426020860672, -0.3908139169216156, -0.5388677716255188, -0.6881293654441833, -0.9902802109718323, 0.7458770275115967, -0.7804943919181824], "Merriweather.png": [-0.9733088612556458, -0.784591555595398, 0.767681360244751, -0.06695100665092468, 0.5727928876876831, 0.7599616050720215, 0.8033067584037781, 0.47938022017478943, 0.6149532794952393, 0.6011773347854614, 0.6879030466079712, -0.8531640768051147, 0.579428493976593, -0.8263382911682129, -0.5459915399551392, -0.19034680724143982, 0.7253838777542114, 0.796675980091095, -0.5250403881072998, 0.8303465247154236, -0.6804821491241455, 0.632282018661499, 0.6676431894302368, 0.6936899423599243, -0.48571962118148804, 0.4648233652114868, -0.3656715452671051, -0.511239767074585, -0.645859956741333, -0.9314348101615906, 0.7023985385894775, -0.7343428730964661], "Roboto.png": [-1.0198637247085571, -0.8241621851921082, 0.8084079623222351, -0.07037512212991714, 0.6019701957702637, 0.797538697719574, 0.8429940938949585, 0.5060577988624573, 0.6436888575553894, 0.6330603361129761, 0.7207034826278687, -0.8936246633529663, 0.6110669374465942, -0.8694681525230408, -0.5704777240753174, -0.20383930206298828, 0.761482298374176, 0.834341287612915, -0.5483328104019165, 0.8713226914405823, -0.7154969573020935, 0.6644166707992554, 0.7007502317428589, 0.7241148352622986, -0.5092658400535583, 0.48653435707092285, -0.3853604793548584, -0.5323815941810608, -0.6793056130409241, -0.9776027798652649, 0.736534833908081, -0.7713518142700195], "PlayfairDisplay.png": [-1.0659997463226318, -0.862318754196167, 0.8484665155410767, -0.08372849225997925, 0.6352077126502991, 0.8359441161155701, 0.8767394423484802, 0.5270582437515259, 0.6772879362106323, 0.6574969291687012, 0.7530869841575623, -0.9375836849212646, 0.637773334980011, -0.9119436740875244, -0.601422905921936, -0.22079172730445862, 0.7983766198158264, 0.871607780456543, -0.574397623538971, 0.9163311719894409, -0.752347469329834, 0.7038751840591431, 0.7298104763031006, 0.7594544291496277, -0.5319117903709412, 0.5073469281196594, -0.4021608531475067, -0.5640076398849487, -0.7103381752967834, -1.026106834411621, 0.7784050703048706, -0.8121130466461182]}