{"Lora.png": [-0.008703980594873428, 0.008854778483510017, -0.020495757460594177, 0.002898799255490303, -0.005334014538675547, -0.001962748821824789, -0.02065218985080719, 0.014295123517513275, -0.0051903496496379375, -0.012417170219123363, 0.018402863293886185, -0.020524434745311737, 0.018769778311252594, 0.01661575399339199, -0.00928755383938551, 9.501446038484573e-05, -0.022901153191924095, -0.015542560257017612, -0.019408956170082092, 0.005858452059328556, 0.02579508163034916, -0.0022498629987239838, -0.01913110725581646, -0.004520375281572342, -0.000937990378588438, -0.0039449334144592285, -0.006633909419178963, 0.014264929108321667, -0.006248711608350277, -0.0001336648128926754, -0.007277588360011578, 0.0013864473439753056], "OpenSans.png": [-0.009825538843870163, 0.008534164167940617, -0.0188885685056448, 0.0028526000678539276, -0.0061785015277564526, -0.003951339051127434, -0.025287434458732605, 0.008114305324852467, -0.006012207828462124, -0.012522478587925434, 0.022229649126529694, -0.021160569041967392, 0.017052555456757545, 0.01258048228919506, -0.011915475130081177, 0.0005214503034949303, -0.018376782536506653, -0.01643548533320427, -0.019720161333680153, 0.009079248644411564, 0.026907898485660553, -0.0039014704525470734, -0.012899266555905342, -0.008365130983293056, 0.001811973750591278, -0.00434869434684515, -0.008865078911185265, 0.0167083740234375, -0.002683759666979313, -0.0040119607001543045, -0.00562499463558197, 0.0016113980673253536], "Merriweather.png": [-0.011827677488327026, 0.013345252722501755, -0.022955995053052902, 0.00478715542703867, -0.0032570683397352695, -0.0026980501133948565, -0.027655821293592453, 0.007888237945735455, -0.008587468415498734, -0.011779123917222023, 0.02200961485505104, -0.02371479570865631, 0.01903493143618107, 0.014398009516298771, -0.014512039721012115, 0.002332352101802826, -0.021815413609147072, -0.02069629170000553, -0.022345853969454765, 0.006330231204628944, 0.028973057866096497, -0.0007565440610051155, -0.015702934935688972, -0.004170208238065243, 0.0012410073541104794, -0.003261048346757889, -0.007337113376706839, 0.014997279271483421, -0.005422706715762615, -0.0027647626120597124, -0.0037357695400714874, 0.002631360199302435], "Roboto.png": [-0.010072145611047745, 0.007912727072834969, -0.01806257665157318, 0.003010132350027561, -0.006559899542480707, -0.004525063559412956, -0.024610327556729317, 0.007618831004947424, -0.006701751612126827, -0.012189159169793129, 0.024463200941681862, -0.020296290516853333, 0.01813112571835518, 0.013326366432011127, -0.011775321327149868, 0.00018533505499362946, -0.01946031115949154, -0.017889969050884247, -0.020826011896133423, 0.008239196613430977, 0.0245218463242054, -0.003264022059738636, -0.014315510168671608, -0.009240400046110153, -4.004687070846558e-06, -0.0029404396191239357, -0.008037157356739044, 0.016730941832065582, -0.0031146593391895294, -0.0044984715059399605, -0.006581991910934448, 0.0019692149944603443], "PlayfairDisplay.png": [-0.009080540388822556, 0.010288546793162823, -0.019892949610948563, 0.00273689441382885, -0.004220380913466215, -0.0023282133042812347, -0.023520883172750473, 0.012055404484272003, -0.004067255649715662, -0.011366183869540691, 0.01826494187116623, -0.02026781067252159, 0.01957898959517479, 0.014819443225860596, -0.008240927942097187, 0.00037498585879802704, -0.02191404439508915, -0.0159296914935112, -0.0199971292167902, 0.005292423069477081, 0.025982879102230072, -0.002240440808236599, -0.018622074276208878, -0.0035304513294249773, -0.00046938424929976463, -0.0027932748198509216, -0.007495430763810873, 0.013478128239512444, -0.004062839318066835, -0.001120248343795538, -0.005517296493053436, 0.000605663750320673]}